{"stats":{"minecraft:used":{"minecraft:water_bucket":14,"minecraft:villager_spawn_egg":1,"minecraft:chest":1,"minecraft:spruce_planks":12,"minecraft:spruce_sapling":1,"minecraft:barrel":1,"minecraft:fishing_rod":17,"minecraft:dirt":32,"minecraft:crafting_table":1,"minecraft:bucket":14,"minecraft:golden_axe":13},"minecraft:picked_up":{"minecraft:water_bucket":1,"minecraft:golden_axe":1,"minecraft:spruce_sapling":1,"minecraft:spruce_log":6,"minecraft:dirt":3},"minecraft:dropped":{"minecraft:golden_axe":1},"minecraft:crafted":{"minecraft:crafting_table":1,"minecraft:spruce_planks":24,"minecraft:chest":1},"minecraft:custom":{"minecraft:time_since_rest":10957,"minecraft:sprint_one_cm":14073,"minecraft:damage_taken":410,"minecraft:walk_one_cm":24434,"minecraft:mob_kills":5,"minecraft:drop":1,"minecraft:damage_dealt":1182,"minecraft:talked_to_villager":2,"minecraft:swim_one_cm":8687,"minecraft:interact_with_crafting_table":3,"minecraft:fly_one_cm":54701,"minecraft:open_chest":13,"minecraft:crouch_one_cm":1159,"minecraft:play_time":14681,"minecraft:deaths":1,"minecraft:sneak_time":336,"minecraft:walk_under_water_one_cm":18002,"minecraft:jump":177,"minecraft:leave_game":5,"minecraft:time_since_death":10922,"minecraft:walk_on_water_one_cm":3421,"minecraft:total_world_time":14681,"minecraft:fall_one_cm":5553},"minecraft:killed":{"minecraft:salmon":2,"minecraft:villager":1,"minecraft:polar_bear":2},"minecraft:mined":{"minecraft:ice":1,"minecraft:spruce_log":6,"minecraft:grass_block":2,"minecraft:packed_ice":2,"minecraft:spruce_leaves":1}},"DataVersion":3837}